Product Title,Product MRP,Discounted Price,Product Rating,Rating Count,Product Image URL,About This Item,Product Details,Store Name,Colors,Size Chart
Under Armour Men's Tech 2.0 Short-Sleeve T-Shirt,"INR1,331.55","INR1,430.50",4.5 out of 5 stars,"94,409 ratings",https://m.media-amazon.com/images/I/71k3aD8OHYL._AC_SX466_.jpg,No about this item found,"UA Tech fabric is quick-drying, ultra-soft & has a more natural feel. Material wicks sweat & dries really fast. New, streamlined fit & shaped hem. UA Tech™ is our original go-to training gear: loose, light, and it keeps you cool. That's why this men's training T-shirt is everything you need. Loose: Fuller cut for complete comfort. TALL Sizes: All tall sizes are 2”/ 5 cm longer than regular sizes. Sleeve lengths are adjusted proportionately depending on silhouette.Stretchy, anti-odor fabric is built to last.",Visit the Under Armour Store,(177) Fresco Green / / Black(200) Taupe Dusk / / Black(273) Silt / / Black(300) Vapor Green / / Black(304) Morph Green / / Black(330) Intensity / / Black(334) Key Lime / / Black(362) Neo Turquoise / / Black(369) Lime Surge / / Black(390) Marine Od Green / / Black(406) Photon Blue / / Black(421) Capri / / Black(423) Capri / / Black(426) Varsity Blue / / Black(433) Glacier Blue / / Black(449) Hydro Teal / / Black(464) Water / / Black(465) Harbor Blue / / Black(466) Horizon Blue / / Black(468) Sonar Blue / / Black(471) Blue Mirage / / Black(486) Versa Blue / / Black(490) Blizzard / / Black(504) Grove Green / / Black(514) Rivalry / / Black(525) Lavish / / Black(558) Tempered Steel / / Midnight Navy(572) Purple Stone / / Black(573) Mystic Magenta / / Black(603) Dark Maroon / / Black(686) Astro Pink / / Black(689) Cinna Red / / Black(713) Racer Red / / Black(723) Coastal Teal / / Black(743) Lime Yellow / / Black(782) Rise / / Black(799) Starfruit / / Black(810) Bolt Red / Chestnut Red / Black(811) Atomic / / Black(840) Earthen Orange / / Black(860) Dark Orange / / Black(866) Orange Blast / / Black(877) After Burn / / BlackCloudless Sky (404)/WhitePenta Pink (975)/BlackVictory Blue (474)/BlackBaroque Green (311)/BlackBeta (628)/CordovaBeta (629)/BlackRedGrayWhiteX-ray (786)/BlackBlackBlack (001)/GraphiteBlack Rose (664)/BlackBlaze Orange (826)/BlackBlueCruise Blue (899)/WhiteFresco Blue (481)/AcaemyGray (002)/BlackHendrix (529)/BlackHigh-vis Yellow (731)/BlackPink Shock (684)/BlackPink Surge (687)/BlackQuirky Lime (752)/BlackStarlight (561)/BlackTent (361)/BlackVenom Red (690)/BlackAcademy Blue (408)/GraphiteAsh Plum (554)/BlackDark Maroon (602)/WhitePhoenix Fire (296)/BlackRadar Blue (422)/BlackRoyalRoyal (400)/GraphiteStadium Green (341)/BlackBlack/GraphiteVapor GreenAcademy Blue (409)/SteelAcademy/SteelCarbon Heather/BlackGravity GreenGreenNavySteel Light Heather/BlackTech Blue (432)/BlackWhite (100)/Overcast GrayAcademy/GraphiteBlaze Orange (825)/BlackCarbon Heather (090)/BlackCharcoal Light HeatherRed (600)/GraphiteRiver (488)/BlackSteel Light Heather (036)/BlackAcademyAcademy / Graphite - 408Academy / Steel - 409Blur (652)/BlackCinna Red (688)/BlackGravity Green (388)/BlackOrangeBaroque GreenBatikBlack - 002Black / Graphite - 001Breeze (441)/BlackBrilliant Blue (787)/Academy BlueCarbon HeatherCosmos (477)/BlackDark Maroon (601)/GraphiteElectric Blue (428)/BlackEureka Yellow (191)/WhiteGreen Citrine (394)/BlackMatcha Green (342)/BlackOutpost Green (331)/WhiteRoyal/GraphiteToddy Green (371)/BlackVapor Green (299)/BlackVibe Orange (850)/BlackWhite/Overcast Gray,SelectX-SmallSmallMediumLargeLarge TallX-LargeX-Large TallXX-LargeXX-Large Tall3X-Large3X-Large Tall4X-Large4X-Large Tall5X-Large
Hanes Women's Perfect-T Short Sleeve Cotton Crewneck T-Shirt,INR623.01,"INR1,503.45",4.2 out of 5 stars,"47,163 ratings",https://m.media-amazon.com/images/I/813X6oCL-ML._AC_SX385_.jpg,No about this item found,"Enjoy the feel of U.S. grown cotton with this Hanes® Perfect-T women's t-shirt. Soft and lightweight, this women's short sleeve tee features a modern, contemporary silhouette and a longer length that can be left untucked - or not. It's your call to make! Ribbed, set-in crewneck collar lends an always classic look to a women's t-shirt that's sure to become a favorite. Available in a variety of colors, so you always find your style. (Be sure to size up if you prefer a roomier fit.)",Visit the Hanes Store,,SelectSmallMediumLargeX-LargeXX-Large3X-Large4X-Large5X-Large
COOFANDY Mens Hawaiian Floral Shirts Tropical Button Down Shirt Summer Beach Shirt,"INR2,094.60","INR 1,648.06",4.5 out of 5 stars,142 ratings,https://m.media-amazon.com/images/I/81IHDKTIRkL._AC_SX342_.jpg,No about this item found,No product details found,Visit the COOFANDY Store,,SelectSmallMediumLargeX-LargeXX-Large3X-Large
COOFANDY Men's Henley Shirts Short Sleeve Casual Basic Tee Summer Button Henley Soild T Shirts,"INR2,095.44","INR1,350.00",4.5 out of 5 stars,321 ratings,https://m.media-amazon.com/images/I/717Vt-M4G9L._AC_SX385_.jpg,No about this item found,No product details found,Visit the COOFANDY Store,,SelectX-SmallSmallMediumLargeX-LargeXX-Large3X-Large
COOFANDY Men's Hawaiian Floral Shirts Cotton Linen Button Down Tropical Holiday Beach Shirts,"INR2,514.69","INR 1,648.06",4.2 out of 5 stars,"9,573 ratings",https://m.media-amazon.com/images/I/81rN7jSUgHS._AC_SX342_.jpg,No about this item found,No product details found,Visit the COOFANDY Store,,SelectSmallMediumLargeX-LargeXX-Large3X-Large4X-Large
Amazon Essentials Men's Regular-Fit Long-Sleeve Casual Poplin Shirt,"INR1,987.27","INR2,095.44",4.4 out of 5 stars,"31,758 ratings",https://m.media-amazon.com/images/I/81sH0QitrZL._AC_SX342_.jpg,No about this item found,,Visit the Amazon Essentials Store,,SelectX-SmallSmallMediumMedium TallLargeLarge TallX-LargeX-Large TallXX-LargeXX-Large Tall
Amazon Essentials Men's Regular-Fit Cotton Pique Polo Shirt (Available in Big & Tall),"INR1,350.00","INR2,514.69",4.3 out of 5 stars,"49,117 ratings",https://m.media-amazon.com/images/I/81wo3jFNr9L._AC_SX342_.jpg,No about this item found,"Amazon Essentials is focused on creating affordable, high-quality, and long-lasting everyday clothing you can rely on. Our line of men's must-haves includes polo shirts, chino pants, classic-fit shorts, casual button-downs, and crew-neck tees. Our consistent sizing takes the guesswork out of shopping, and each piece is put to the test to maintain the highest standards in quality and comfort.",Visit the Amazon Essentials Store,,SelectX-SmallSmallMediumLargeLarge TallX-LargeXX-LargeXX-Large BigXX-Large Big Tall3X-Large Big3X-Large Big Tall4X-Large Big4X-Large Big Tall5X-Large Big6X-Large Big
Amazon Essentials Men's Long-Sleeve Flannel Shirt (Available in Big & Tall),"INR1,172.24","INR 2,168.78",4.6 out of 5 stars,"54,134 ratings",https://m.media-amazon.com/images/I/91JkMlK5qeL._AC_SX342_.jpg,No about this item found,"Amazon Essentials is focused on creating affordable, high-quality, and long-lasting everyday clothing you can rely on. Our line of men's must-haves includes polo shirts, chino pants, classic-fit shorts, casual button-downs, and crew-neck tees. Our consistent sizing takes the guesswork out of shopping, and each piece is put to the test to maintain the highest standards in quality and comfort.",Visit the Amazon Essentials Store,,SelectX-SmallSmallMediumLargeX-LargeXX-LargeXX-Large BigXX-Large Big Tall3X-Large Big3X-Large Big Tall4X-Large Big4X-Large Big Tall5X-Large Big5X-Large Big Tall6X-Large Big6X-Large Big Tall
"Gildan Unisex-Adult Ultra Cotton Long Sleeve T-Shirt, Style G2400, Multipack",INR884.63,"INR2,011.59",4.5 out of 5 stars,"144,017 ratings",https://m.media-amazon.com/images/I/71O2qEzwjrL._AC_SX385_.jpg,No about this item found,"Gildan Unisex-Adult Ultra Cotton Long Sleeve T-Shirt, Style G2400, Multipack",Visit the Gildan Store,Black (10-pack)Black (2-pack)Black (3-pack)Navy (2-pack)Navy (3-pack)Royal (2-pack)Royal (3-pack)Sport Grey (2-pack)Sport Grey (3-pack)White (10-pack)White (2-pack)White (3-pack)Charcoal (10-pack)Dark Heather (10-pack)Navy (10-pack)Red (10-pack)Royal (10-pack)Safety Green (10-pack)Safety Orange (10-pack)Sport Grey (10-pack)Ash Grey (2-pack)Ash Grey (3-pack)Carolina Blue (2-pack)Carolina Blue (3-pack)Charcoal (2-pack)Charcoal (3-pack)Dark Heather (2-pack)Dark Heather (3-pack)Forest Green (2-pack)Forest Green (3-pack)Irish Green (2-pack)Irish Green (3-pack)Light Blue (2-pack)Light Blue (3-pack)Light Pink (2-pack)Light Pink (3-pack)Maroon (3-pack)Military Green (3-pack)Orange (2-pack)Orange (3-pack)Purple (2-pack)Purple (3-pack)Red (2-pack)Red (3-pack)Safety Green (2-pack)Safety Green (3-pack)Safety Orange (2-pack)Safety Orange (3-pack)Ash Grey (12-pack)Black (72-pack)Carolina Blue (12-pack)Dark Heather (72-pack)Forest Green (12-pack)Light Pink (12-pack)Maroon (2-pack)Military Green (2-pack)Navy (72-pack)Orange (12-pack)Safety Green (72-pack)Sport Grey (72-pack)White (72-pack)Cardinal RedBlack (36-pack)Dark Heather (36-pack)Navy (36-pack)Safety Green (36-pack)Sport Grey (36-pack)White (36-pack),SelectSmallMediumLargeX-LargeXX-Large3X-Large4X-Large5X-Large
COOFANDY Men's Casual Button Down Shirts Short Sleeve Linen Shirts Summer Beach Dress Shirt,"INR2,095.44","INR1,006.21",4.2 out of 5 stars,"15,442 ratings",https://m.media-amazon.com/images/I/81oTmSS7J3L._AC_SX342_.jpg,No about this item found,No product details found,Visit the COOFANDY Store,,SelectSmallMediumLargeX-LargeXX-Large3X-Large4X-Large
Add Your Own and Text Design Custom Personalized Adult T-Shirt Tee,"INR1,672.83","INR2,682.39",4.5 out of 5 stars,"4,311 ratings",https://m.media-amazon.com/images/I/51V8Iy5TVHL._AC_SX342_.jpg,No about this item found,No product details found,Brand: City Shirts,,SelectSmallMediumLargeX-LargeXX-Large3X-Large4X-Large5X-Large
Van Heusen Men's Dress Shirt Regular Fit Oxford Solid,"INR2,011.59","INR1,987.27",4.3 out of 5 stars,"13,333 ratings",https://m.media-amazon.com/images/I/61uEfhdxWnL._AC_SX385_.jpg,No about this item found,Van Heusen Men's Dress Shirt Regular Fit Oxford Solid,Brand: Van Heusen,,"Select14.5""-15"" Neck 32""-33"" Sleeve15.5""-16"" Neck 33""-34"" Sleeve16.5""-17"" Neck 34""-35"" Sleeve17.5""-18"" Neck 34""-35"" Sleeve18.5""-19"" Neck 36""-37"" Sleeve19.5""-20"" Neck 36""-37"" Sleeve20.5""-21"" Neck 36""-37"" Sleeve21.5”-22” Neck 36""-37"" Sleeve"
COOFANDY Mens Long Sleeve Button Down Shirt Regular Fit Wrinkle Free Dress Shirts Casual Stylish,"INR2,346.99","INR2,346.99",4.1 out of 5 stars,41 ratings,https://m.media-amazon.com/images/I/71Go5MXyMKL._AC_SY445_.jpg,No about this item found,No product details found,Visit the COOFANDY Store,,SelectSmallMediumLargeX-LargeXX-Large3X-Large
"Hanes Men’s X-Temp Short Sleeve Polo Shirt, Midweight Men's Shirt","INR1,048.14","INR1,090.06",4.5 out of 5 stars,"26,527 ratings",https://m.media-amazon.com/images/I/61YHKoOZ4vL._AC_SX342_.jpg,No about this item found,"Upgrade your polo style with a Hanes men’s polo shirt that is designed to keep you feeling cool and dry even during your most active days. Crafted from a cotton pique-blended fabric, these men’s short sleeve shirts feel oh-so-soft against your skin. Even better, this men’s sports shirt offers FreshIQ advanced odor protection and the innovative X-Temp technology for all-day cooling and freshness. Finished with a stay-flat collar and front button placket, this classic style is a must-have for your rotation. Pair with your favorite bottoms – it works well as a standout top layer or under a sweater or jacket.",Visit the Hanes Store,,SelectSmallMediumLargeX-LargeXX-Large3X-Large4X-Large6X-Large
Lucky Brand Mens Venice Burnout Notch Neck Tee,"INR1,562.14","INR1,090.06",4.5 out of 5 stars,"9,136 ratings",https://m.media-amazon.com/images/I/917vcFp1ybL._AC_SX385_.jpg,No about this item found,,Visit the Lucky Brand Store,,SelectX-SmallSmallMediumLargeX-LargeXX-Large
Amazon Essentials Men's Regular-Fit Quick-Dry Golf Polo Shirt,"INR1,545.37","INR2,263.14",4.4 out of 5 stars,"3,360 ratings",https://m.media-amazon.com/images/I/713aibqHSmL._AC_SX342_.jpg,No about this item found,"Amazon Essentials is focused on creating affordable, high-quality, and long-lasting everyday clothing you can rely on. Our line of men's must-haves includes polo shirts, chino pants, classic-fit shorts, casual button-downs, and crew-neck tees. Our consistent sizing takes the guesswork out of shopping, and each piece is put to the test to maintain the highest standards in quality and comfort.",Visit the Amazon Essentials Store,,SelectX-SmallSmallMediumLargeX-LargeXX-Large
COOFANDY Mens Short Sleeve Casual Button Down Shirts Summer Untucked Dress Shirts with Pocket,"INR2,095.44","INR1,668.63",4.1 out of 5 stars,418 ratings,https://m.media-amazon.com/images/I/71uNlUL0ybL._AC_SX342_.jpg,No about this item found,No product details found,Visit the COOFANDY Store,,SelectSmallMediumLargeX-LargeXX-Large3X-Large4X-Large
COOFANDY Men's Casual Henley Shirt Short Sleeve Summer Shirt Linen Textured Band Collar Summer Beach Hippie Shirts,"INR1,993.14","INR2,346.99",4.1 out of 5 stars,99 ratings,https://m.media-amazon.com/images/I/81WsrEwn6QL._AC_SX385_.jpg,No about this item found,No product details found,Visit the COOFANDY Store,,SelectSmallMediumLargeX-LargeXX-Large3X-Large
COOFANDY Men's Short Sleeve Knit Shirt Casual Button Down Shirt Vintage Striped Knitted Golf Beach Tops,"INR2,514.69","INR1,668.63",4.4 out of 5 stars,385 ratings,https://m.media-amazon.com/images/I/71sr2PYE4SL._AC_SX342_.jpg,No about this item found,No product details found,Visit the COOFANDY Store,,SelectSmallMediumLargeX-LargeXX-Large3X-Large
"HUK Men's Fishing Graphic Tee, Performance Short Sleeve, Quick-Dry","INR1,406.18","INR1,666.96",Previous page,No rating count found,https://m.media-amazon.com/images/I/61j6-CNsRpL._AC_SX466_.jpg,No about this item found,"HUK: Uniting anglers through performance-engineered, technical gear designed to fuel your passion and pursuit no matter when, where or how you fish",Visit the HUK Store,,SelectSmallMediumLargeX-LargeXX-Large3X-Large
Amazon Essentials Men's Regular-Fit Short-Sleeve Pocket Oxford Shirt,"INR1,484.16","INR1,666.96",4.4 out of 5 stars,"22,816 ratings",https://m.media-amazon.com/images/I/91cSwzP-sDL._AC_SX385_.jpg,No about this item found,"We listen to customer feedback and fine-tune every detail to ensure our clothes are more comfortable, higher quality, and longer lasting—at affordable prices for the whole family.",Visit the Amazon Essentials Store,,SelectX-SmallSmallMediumLargeX-LargeXX-Large
"5 Pack Men's Dry Fit T Shirts, Athletic Running Gym Workout Short Sleeve Tee Shirts for Men","INR2,263.14","INR1,666.96",4.3 out of 5 stars,"7,284 ratings",https://m.media-amazon.com/images/I/815IbGwdKJL._AC_SY445_.jpg,No about this item found,"AKAWOOKO 5 Pack Men’s Active Dry Fit Short Sleeve T Shirts Athletic Running Gym Workout Training Shirts for Men100% PolyesterThe fabric is quick-dry & ultra-soft, keeps you cool and dry anytime. 4-way stretchy material for excellent flexibility enhances the range of motion.Athletic crew neck & short sleeves, suitable for training ,workout, running, hiking, climbing, biking, or other daily activities.Multiple color combinations, multiple choices.A set of 5 short sleeved sports T-shirts is a great value.",Brand: AKAWOOKO,,SelectSmallMediumLargeX-LargeXX-Large3X-Large
BALEAF Sun Shirt Women Long Sleeve UV Protection Shirts UPF 50+ Pochet SPF Tops Outdoor Clothing,"INR1,407.86","INR2,514.69",4.4 out of 5 stars,256 ratings,https://m.media-amazon.com/images/I/61uX5IMLXHL._AC_SY445_.jpg,No about this item found,No product details found,Visit the BALEAF Store,,SelectSmallMediumLargeX-LargeXX-Large
"Cricut Men's T-Shirt Blank, Crew Neck",INR753.82,"INR2,933.95",Previous page,No rating count found,https://m.media-amazon.com/images/I/41XgyDcuC3L._AC_SX466_.jpg,No about this item found,,Visit the Cricut Store,No color information found,SelectOne Size (Pack of 2)One SizeSmallLargeX-LargeX-Large (Pack of 2)
